key,value
Ta,1078.000000
Tg,862.000000
anchors_k,13.000000
band_frac,0.150000
max_slope,3.233333
mean_cost,0.083214
min_slope,0.000000
num_clamps,0.000000
path_len,1147.000000
