key,value
Ta,1136.000000
Tg,1152.000000
anchors_k,17.000000
band_frac,0.150000
max_slope,10.400000
mean_cost,0.321202
min_slope,0.300000
num_clamps,0.000000
path_len,1279.000000
