t_adr_sec,t_guide_sec
0.000000,0.000000
1.500000,1.410000
2.250000,1.410000
4.500000,3.410000
4.950000,3.660000
5.550000,4.180000
8.250000,6.720000
9.150000,7.370000
9.750000,7.910000
10.200000,8.100000
12.000000,9.740000
12.020000,10.175000
