t_adr_sec,t_guide_sec
0.000000,0.000000
1.320000,1.320000
1.440000,1.410000
2.280000,1.420000
4.440000,3.370000
4.920000,3.650000
5.520000,4.150000
6.960000,5.450000
8.160000,6.650000
8.880000,7.180000
9.720000,7.960000
10.200000,8.170000
11.640000,9.410000
12.000000,9.800000
12.020000,10.285000
