key,value
Ta,1203.000000
Tg,1076.000000
anchors_k,16.000000
band_frac,0.150000
max_slope,24.250000
mean_cost,0.240035
min_slope,0.011905
num_clamps,0.000000
path_len,1311.000000
