key,value
Ta,1203.000000
Tg,1060.000000
anchors_k,14.000000
band_frac,0.150000
max_slope,21.750000
mean_cost,0.233410
min_slope,0.047059
num_clamps,0.000000
path_len,1300.000000
