t_adr_sec,t_guide_sec
0.000000,0.000000
1.410000,1.410000
2.280000,1.420000
4.440000,3.370000
4.950000,3.660000
6.930000,5.420000
8.160000,6.650000
8.820000,7.120000
9.720000,7.960000
10.260000,8.210000
11.580000,9.350000
12.000000,9.800000
12.020000,10.285000
