t_adr_sec,t_guide_sec
0.000000,0.000000
0.250000,0.240000
0.800000,0.260000
1.550000,1.010000
1.700000,1.100000
2.250000,1.590000
2.400000,1.740000
2.450000,1.840000
2.500000,1.990000
2.550000,2.140000
4.600000,4.200000
4.750000,4.340000
4.850000,4.380000
5.200000,4.730000
5.300000,4.900000
6.000000,5.595000
6.050000,5.745000
6.700000,6.630000
6.800000,6.670000
8.600000,8.460000
9.300000,8.460000
9.350000,8.470000
9.500000,8.610000
10.770000,8.610000
