seg_id,guide_start_sec,guide_end_sec,adr_start_est_sec,adr_end_est_sec
1,0.390000,1.490000,0.930000,2.137755
2,2.130000,4.730000,2.546667,5.200000
3,5.040000,5.440000,5.441007,5.843885
4,6.070000,7.610000,6.288701,8.112849
